{
    "name": "root",
    "gauges": {
        "AngleEstimator.Policy.Entropy.mean": {
            "value": 1.4006528854370117,
            "min": 1.399796485900879,
            "max": 1.4006528854370117,
            "count": 2
        },
        "AngleEstimator.Policy.Entropy.sum": {
            "value": 14342.685546875,
            "min": 14333.916015625,
            "max": 14342.685546875,
            "count": 2
        },
        "AngleEstimator.Step.mean": {
            "value": 19968.0,
            "min": 9984.0,
            "max": 19968.0,
            "count": 2
        },
        "AngleEstimator.Step.sum": {
            "value": 19968.0,
            "min": 9984.0,
            "max": 19968.0,
            "count": 2
        },
        "AngleEstimator.Policy.ExtrinsicValueEstimate.mean": {
            "value": -520.7141723632812,
            "min": -520.7141723632812,
            "max": -9.588202476501465,
            "count": 2
        },
        "AngleEstimator.Policy.ExtrinsicValueEstimate.sum": {
            "value": -81231.40625,
            "min": -81231.40625,
            "max": -1495.759521484375,
            "count": 2
        },
        "AngleEstimator.Losses.PolicyLoss.mean": {
            "value": 0.24346278921304734,
            "min": 0.24346278921304734,
            "max": 0.24790202608081469,
            "count": 2
        },
        "AngleEstimator.Losses.PolicyLoss.sum": {
            "value": 2.4346278921304734,
            "min": 2.231118234727332,
            "max": 2.4346278921304734,
            "count": 2
        },
        "AngleEstimator.Losses.ValueLoss.mean": {
            "value": 10053773353.404411,
            "min": 3414951868.4182096,
            "max": 10053773353.404411,
            "count": 2
        },
        "AngleEstimator.Losses.ValueLoss.sum": {
            "value": 100537733534.04411,
            "min": 30734566815.763885,
            "max": 100537733534.04411,
            "count": 2
        },
        "AngleEstimator.Policy.LearningRate.mean": {
            "value": 0.00029109120296959994,
            "min": 0.00029109120296959994,
            "max": 0.00029692800102399996,
            "count": 2
        },
        "AngleEstimator.Policy.LearningRate.sum": {
            "value": 0.0029109120296959994,
            "min": 0.0026723520092159997,
            "max": 0.0029109120296959994,
            "count": 2
        },
        "AngleEstimator.Policy.Epsilon.mean": {
            "value": 0.1970304,
            "min": 0.1970304,
            "max": 0.198976,
            "count": 2
        },
        "AngleEstimator.Policy.Epsilon.sum": {
            "value": 1.970304,
            "min": 1.790784,
            "max": 1.970304,
            "count": 2
        },
        "AngleEstimator.Policy.Beta.mean": {
            "value": 0.00048544895999999994,
            "min": 0.00048544895999999994,
            "max": 0.0004949824,
            "count": 2
        },
        "AngleEstimator.Policy.Beta.sum": {
            "value": 0.004854489599999999,
            "min": 0.0044548415999999995,
            "max": 0.004854489599999999,
            "count": 2
        },
        "AngleEstimator.IsTraining.mean": {
            "value": 1.0,
            "min": 1.0,
            "max": 1.0,
            "count": 2
        },
        "AngleEstimator.IsTraining.sum": {
            "value": 1.0,
            "min": 1.0,
            "max": 1.0,
            "count": 2
        }
    },
    "metadata": {
        "timer_format_version": "0.1.0",
        "start_time_seconds": "1634677764",
        "python_version": "3.9.7 (tags/v3.9.7:1016ef3, Aug 30 2021, 20:19:38) [MSC v.1929 64 bit (AMD64)]",
        "command_line_arguments": "D:\\Apps\\python3.9.7\\Scripts\\mlagents-learn .\\Assets\\Config\\car_config.yaml --run-id=carAndAngle2",
        "mlagents_version": "0.27.0",
        "mlagents_envs_version": "0.27.0",
        "communication_protocol_version": "1.5.0",
        "pytorch_version": "1.7.1+cu110",
        "numpy_version": "1.21.2",
        "end_time_seconds": "1634677894"
    },
    "total": 129.6509867,
    "count": 1,
    "self": 0.012089099999997188,
    "children": {
        "run_training.setup": {
            "total": 0.16094839999999988,
            "count": 1,
            "self": 0.16094839999999988
        },
        "TrainerController.start_learning": {
            "total": 129.4779492,
            "count": 1,
            "self": 0.05246210000024121,
            "children": {
                "TrainerController._reset_env": {
                    "total": 8.1719486,
                    "count": 1,
                    "self": 8.1719486
                },
                "TrainerController.advance": {
                    "total": 121.1249782999998,
                    "count": 1667,
                    "self": 0.05005900000007557,
                    "children": {
                        "env_step": {
                            "total": 61.9449844999999,
                            "count": 1667,
                            "self": 59.55146260000049,
                            "children": {
                                "SubprocessEnvManager._take_step": {
                                    "total": 2.3599947999998303,
                                    "count": 1667,
                                    "self": 0.19920200000016486,
                                    "children": {
                                        "TorchPolicy.evaluate": {
                                            "total": 2.1607927999996654,
                                            "count": 1667,
                                            "self": 0.40373789999938303,
                                            "children": {
                                                "TorchPolicy.sample_actions": {
                                                    "total": 1.7570549000002824,
                                                    "count": 1667,
                                                    "self": 1.7570549000002824
                                                }
                                            }
                                        }
                                    }
                                },
                                "workers": {
                                    "total": 0.03352709999957426,
                                    "count": 1666,
                                    "self": 0.0,
                                    "children": {
                                        "worker_root": {
                                            "total": 121.01092679999994,
                                            "count": 1666,
                                            "is_parallel": true,
                                            "self": 65.20661179999996,
                                            "children": {
                                                "steps_from_proto": {
                                                    "total": 0.0006652000000002545,
                                                    "count": 1,
                                                    "is_parallel": true,
                                                    "self": 0.00028559999999799857,
                                                    "children": {
                                                        "_process_rank_one_or_two_observation": {
                                                            "total": 0.0003796000000022559,
                                                            "count": 2,
                                                            "is_parallel": true,
                                                            "self": 0.0003796000000022559
                                                        }
                                                    }
                                                },