{"count":1,"self":99.873792,"total":2979.7026069,"children":{"InitializeActuators":{"count":2,"self":0.0039851999999999995,"total":0.0039851999999999995,"children":null},"InitializeSensors":{"count":2,"self":0.0090165,"total":0.0090165,"children":null},"AgentSendState":{"count":90301,"self":3.2657252,"total":584.7807857,"children":{"CollectObservations":{"count":99332,"self":1.0388443,"total":1.0388443,"children":null},"WriteActionMask":{"count":99332,"self":0.54627189999999992,"total":0.54627189999999992,"children":null},"RequestDecision":{"count":99332,"self":2.6169628,"total":579.9299443,"children":{"AgentInfo.ToProto":{"count":90301,"self":2.1724524,"total":577.3129816,"children":{"GenerateSensorData":{"count":90301,"self":9.463702399999999,"total":575.1405292,"children":{"CameraSensor.GetCompressedObservation":{"count":90301,"self":565.6768512,"total":565.6768268,"children":null}}}}}}}}},"DecideAction":{"count":90301,"self":1753.7697792,"total":1753.7697501999999,"children":null},"AgentAct":{"count":90301,"self":9.2807576,"total":541.263282,"children":{"AgentInfo.ToProto":{"count":90301,"self":2.1960843999999997,"total":531.9825242,"children":{"GenerateSensorData":{"count":90301,"self":9.5051768,"total":529.7864399,"children":{"CameraSensor.GetCompressedObservation":{"count":90301,"self":520.28124159999993,"total":520.281263,"children":null}}}}}}}},"gauges":{"CameraAngleEstimator.CumulativeReward":{"count":90301,"max":0.999995232,"min":-1,"runningAverage":0.0446039364,"value":2.44224764E-35,"weightedAverage":-0.04223513},"CarAgent.CumulativeReward":{"count":506,"max":2,"min":-17.2000332,"runningAverage":0.245059088,"value":0.09999988,"weightedAverage":0.17173785}},"metadata":{"timer_format_version":"0.1.0","start_time_seconds":"1635062335","unity_version":"2020.3.11f1","command_line_arguments":"D:\\Apps\\Unity Editors\\2020.3.11f1\\Editor\\Unity.exe -projectpath D:\/Prog\/Trailer Simulator -useHub -hubIPC -cloudEnvironment production -hubSessionId 16e5dbb0-3455-11ec-8d2b-77c3e6ee1993 -accessToken U5qqY-BZvrieG2Fjenxrx63nO0wqelQjwPJKc3dRDyY009f","communication_protocol_version":"1.5.0","com.unity.ml-agents_version":"2.1.0-exp.1","scene_name":"SampleScene","end_time_seconds":"1635065315"}}