{
    "name": "root",
    "gauges": {
        "AngleEstimator.Policy.Entropy.mean": {
            "value": 1.4245479106903076,
            "min": 1.3997739553451538,
            "max": 1.44242525100708,
            "count": 9
        },
        "AngleEstimator.Policy.Entropy.sum": {
            "value": 14587.37109375,
            "min": 11471.970703125,
            "max": 14770.4345703125,
            "count": 9
        },
        "AngleEstimator.Step.mean": {
            "value": 89945.0,
            "min": 9999.0,
            "max": 89945.0,
            "count": 9
        },
        "AngleEstimator.Step.sum": {
            "value": 89945.0,
            "min": 9999.0,
            "max": 89945.0,
            "count": 9
        },
        "AngleEstimator.Policy.ExtrinsicValueEstimate.mean": {
            "value": 0.43441346287727356,
            "min": 0.0005721668130718172,
            "max": 0.43441346287727356,
            "count": 9
        },
        "AngleEstimator.Policy.ExtrinsicValueEstimate.sum": {
            "value": 125.54549407958984,
            "min": 0.07037651538848877,
            "max": 125.54549407958984,
            "count": 9
        },
        "AngleEstimator.Losses.PolicyLoss.mean": {
            "value": 0.2481657121096205,
            "min": 0.24111150984022658,
            "max": 0.2481657121096205,
            "count": 9
        },
        "AngleEstimator.Losses.PolicyLoss.sum": {
            "value": 9.430297060165579,
            "min": 1.6877805688815861,
            "max": 9.61433576943611,
            "count": 9
        },
        "AngleEstimator.Losses.ValueLoss.mean": {
            "value": 0.01944669033949505,
            "min": 0.0017204529800526152,
            "max": 0.027639312650882226,
            "count": 9
        },
        "AngleEstimator.Losses.ValueLoss.sum": {
            "value": 0.7389742329008119,
            "min": 0.012043170860368307,
            "max": 0.8699243869306267,
            "count": 9
        },
        "AngleEstimator.Policy.LearningRate.mean": {
            "value": 0.0002490927169691,
            "min": 0.0002490927169691,
            "max": 0.00029601060132979995,
            "count": 9
        },
        "AngleEstimator.Policy.LearningRate.sum": {
            "value": 0.0094655232448258,
            "min": 0.0020720742093085997,
            "max": 0.009949220383593397,
            "count": 9
        },
        "AngleEstimator.Policy.Epsilon.mean": {
            "value": 0.18303090000000002,
            "min": 0.18303090000000002,
            "max": 0.19867020000000002,
            "count": 9
        },
        "AngleEstimator.Policy.Epsilon.sum": {
            "value": 6.955174200000001,
            "min": 1.3906914000000001,
            "max": 7.216406600000001,
            "count": 9
        },
        "AngleEstimator.Policy.Beta.mean": {
            "value": 0.00041685141,
            "min": 0.00041685141,
            "max": 0.0004934839800000001,
            "count": 9
        },
        "AngleEstimator.Policy.Beta.sum": {
            "value": 0.01584035358,
            "min": 0.00345438786,
            "max": 0.016640392339999997,
            "count": 9
        },
        "AngleEstimator.Environment.EpisodeLength.mean": {
            "value": 10.422077922077921,
            "min": 10.422077922077921,
            "max": 358.6923076923077,
            "count": 9
        },
        "AngleEstimator.Environment.EpisodeLength.sum": {
            "value": 1605.0,
            "min": 392.0,
            "max": 8971.0,
            "count": 9
        },
        "AngleEstimator.Environment.CumulativeReward.mean": {
            "value": 1.0,
            "min": 1.0,
            "max": 1.0,
            "count": 9
        },
        "AngleEstimator.Environment.CumulativeReward.sum": {
            "value": 154.0,
            "min": 7.0,
            "max": 154.0,
            "count": 9
        },
        "AngleEstimator.Policy.ExtrinsicReward.mean": {
            "value": 1.0,
            "min": 1.0,
            "max": 1.0,
            "count": 9
        },
        "AngleEstimator.Policy.ExtrinsicReward.sum": {
            "value": 154.0,
            "min": 7.0,
            "max": 154.0,
            "count": 9
        },
        "AngleEstimator.IsTraining.mean": {
            "value": 1.0,
            "min": 1.0,
            "max": 1.0,
            "count": 9
        },
        "AngleEstimator.IsTraining.sum": {
            "value": 1.0,
            "min": 1.0,
            "max": 1.0,
            "count": 9
        }
    },
    "metadata": {
        "timer_format_version": "0.1.0",
        "start_time_seconds": "1634677255",
        "python_version": "3.9.7 (tags/v3.9.7:1016ef3, Aug 30 2021, 20:19:38) [MSC v.1929 64 bit (AMD64)]",
        "command_line_arguments": "D:\\Apps\\python3.9.7\\Scripts\\mlagents-learn .\\Assets\\Config\\car_config.yaml --run-id=carAndAngle --resume",
        "mlagents_version": "0.27.0",
        "mlagents_envs_version": "0.27.0",
        "communication_protocol_version": "1.5.0",
        "pytorch_version": "1.7.1+cu110",
        "numpy_version": "1.21.2",
        "end_time_seconds": "1634677643"
    },
    "total": 388.2030991,
    "count": 1,
    "self": 0.01156849999995302,
    "children": {
        "run_training.setup": {
            "total": 0.14370530000000015,
            "count": 1,
            "self": 0.14370530000000015
        },
        "TrainerController.start_learning": {
            "total": 388.0478253,
            "count": 1,
            "self": 0.19192379999986997,
            "children": {
                "TrainerController._reset_env": {
                    "total": 9.7365181,
                    "count": 1,
                    "self": 9.7365181
                },
                "TrainerController.advance": {
                    "total": 377.9441001000001,
                    "count": 6215,
                    "self": 0.18329499999794052,
                    "children": {
                        "env_step": {
                            "total": 197.51413440000192,
                            "count": 6215,
                            "self": 189.88256520000272,
                            "children": {
                                "SubprocessEnvManager._take_step": {
                                    "total": 7.509459500001064,
                                    "count": 6215,
                                    "self": 0.6805876000002584,
                                    "children": {
                                        "TorchPolicy.evaluate": {
                                            "total": 6.828871900000806,
                                            "count": 5724,
                                            "self": 1.312497600000727,
                                            "children": {
                                                "TorchPolicy.sample_actions": {
                                                    "total": 5.516374300000079,
                                                    "count": 5724,
                                                    "self": 5.516374300000079
                                                }
                                            }
                                        }
                                    }
                                },
                                "workers": {
                                    "total": 0.12210969999815546,
                                    "count": 6214,
                                    "self": 0.0,
                                    "children": {
                                        "worker_root": {
                                            "total": 377.4915802000002,
                                            "count": 6214,
                                            "is_parallel": true,
                                            "self": 200.8556337000012,