{
    "name": "root",
    "gauges": {
        "VisualFindAngle.Policy.Entropy.mean": {
            "value": -2.923358917236328,
            "min": -2.923358917236328,
            "max": -2.7629024982452393,
            "count": 18
        },
        "VisualFindAngle.Policy.Entropy.sum": {
            "value": -58467.1796875,
            "min": -58467.1796875,
            "max": -33817.92578125,
            "count": 18
        },
        "VisualFindAngle.Step.mean": {
            "value": 2819968.0,
            "min": 2479968.0,
            "max": 2819968.0,
            "count": 18
        },
        "VisualFindAngle.Step.sum": {
            "value": 2819968.0,
            "min": 2479968.0,
            "max": 2819968.0,
            "count": 18
        },
        "VisualFindAngle.Policy.ExtrinsicValueEstimate.mean": {
            "value": 64.87732696533203,
            "min": 59.16877365112305,
            "max": 66.49158477783203,
            "count": 18
        },
        "VisualFindAngle.Policy.ExtrinsicValueEstimate.sum": {
            "value": 20501.236328125,
            "min": 11360.404296875,
            "max": 21011.33984375,
            "count": 18
        },
        "VisualFindAngle.Losses.PolicyLoss.mean": {
            "value": 0.051192144803436736,
            "min": 0.04619176243210123,
            "max": 0.05582304464076602,
            "count": 18
        },
        "VisualFindAngle.Losses.PolicyLoss.sum": {
            "value": 0.35834501362405713,
            "min": 0.2075672067391376,
            "max": 0.4224565968615934,
            "count": 18
        },
        "VisualFindAngle.Losses.ValueLoss.mean": {
            "value": 3.788123328912826,
            "min": 3.120143087208271,
            "max": 4.811535681997026,
            "count": 18
        },
        "VisualFindAngle.Losses.ValueLoss.sum": {
            "value": 26.516863302389783,
            "min": 18.245881803830464,
            "max": 36.973259691397345,
            "count": 18
        },
        "VisualFindAngle.Policy.LearningRate.mean": {
            "value": 8.92236702588e-05,
            "min": 8.92236702588e-05,
            "max": 0.00011442786185739999,
            "count": 18
        },
        "VisualFindAngle.Policy.LearningRate.sum": {
            "value": 0.0006245656918116,
            "min": 0.00045771144742959996,
            "max": 0.0009060772979743999,
            "count": 18
        },
        "VisualFindAngle.Policy.Epsilon.mean": {
            "value": 0.12974120000000003,
            "min": 0.12974120000000003,
            "max": 0.1381426,
            "count": 18
        },
        "VisualFindAngle.Policy.Epsilon.sum": {
            "value": 0.9081884000000001,
            "min": 0.5525704,
            "max": 1.1020256000000002,
            "count": 18
        },
        "VisualFindAngle.Policy.Beta.mean": {
            "value": 0.0014940858800000006,
            "min": 0.0014940858800000006,
            "max": 0.0019133157400000004,
            "count": 18
        },
        "VisualFindAngle.Policy.Beta.sum": {
            "value": 0.010458601160000004,
            "min": 0.0076532629600000015,
            "max": 0.015151077440000006,
            "count": 18
        },
        "VisualFindAngle.Environment.EpisodeLength.mean": {
            "value": 4999.0,
            "min": 4999.0,
            "max": 4999.0,
            "count": 18
        },
        "VisualFindAngle.Environment.EpisodeLength.sum": {
            "value": 19996.0,
            "min": 9998.0,
            "max": 19996.0,
            "count": 18
        },
        "VisualFindAngle.Environment.CumulativeReward.mean": {
            "value": 3296.796897292137,
            "min": 2986.808348298073,
            "max": 3351.5453600250185,
            "count": 18
        },
        "VisualFindAngle.Environment.CumulativeReward.sum": {
            "value": 13187.187589168549,
            "min": 5973.616696596146,
            "max": 13406.181440100074,
            "count": 18
        },
        "VisualFindAngle.Policy.ExtrinsicReward.mean": {
            "value": 3296.796897292137,
            "min": 2986.808348298073,
            "max": 3351.5453600250185,
            "count": 18
        },
        "VisualFindAngle.Policy.ExtrinsicReward.sum": {
            "value": 13187.187589168549,
            "min": 5973.616696596146,
            "max": 13406.181440100074,
            "count": 18
        },
        "VisualFindAngle.IsTraining.mean": {
            "value": 1.0,
            "min": 1.0,
            "max": 1.0,
            "count": 18
        },
        "VisualFindAngle.IsTraining.sum": {
            "value": 1.0,
            "min": 1.0,
            "max": 1.0,
            "count": 18
        }
    },
    "metadata": {
        "timer_format_version": "0.1.0",
        "start_time_seconds": "1636754805",
        "python_version": "3.9.7 (tags/v3.9.7:1016ef3, Aug 30 2021, 20:19:38) [MSC v.1929 64 bit (AMD64)]",
        "command_line_arguments": "D:\\Apps\\python3.9.7\\Scripts\\mlagents-learn .\\Assets\\Config\\config.yaml --run-id=VisualFindAngle_YRotator_252x168_pow80 --resume",
        "mlagents_version": "0.27.0",
        "mlagents_envs_version": "0.27.0",
        "communication_protocol_version": "1.5.0",
        "pytorch_version": "1.7.1+cu110",
        "numpy_version": "1.21.2",
        "end_time_seconds": "1636772332"
    },
    "total": 17527.1517901,
    "count": 1,
    "self": 0.015528600004472537,
    "children": {
        "run_training.setup": {
            "total": 0.18371300000000002,
            "count": 1,
            "self": 0.18371300000000002
        },
        "TrainerController.start_learning": {
            "total": 17526.952548499998,
            "count": 1,
            "self": 10.402753999489505,
            "children": {
                "TrainerController._reset_env": {
                    "total": 8.3734878,
                    "count": 1,
                    "self": 8.3734878
                },
                "TrainerController.advance": {
                    "total": 17507.77795170051,
                    "count": 357401,
                    "self": 9.369149900536286,
                    "children": {
                        "env_step": {
                            "total": 10837.350222099985,
                            "count": 357401,
                            "self": 9324.32697660007,
                            "children": {
                                "SubprocessEnvManager._take_step": {
                                    "total": 1503.688683000255,
                                    "count": 357401,
                                    "self": 35.72564339915334,
                                    "children": {
                                        "TorchPolicy.evaluate": {
                                            "total": 1467.9630396011016,
                                            "count": 357401,
                                            "self": 84.41608450207809,
                                            "children": {
                                                "TorchPolicy.sample_actions": {
                                                    "total": 1383.5469550990235,
                                                    "count": 357401,
                                                    "self": 1383.5469550990235
                                                }
                                            }
                                        }
                                    }
                                },
                                "workers": {
                                    "total": 9.334562499660882,
                                    "count": 357400,
                                    "self": 0.0,
                                    "children": {
                                        "worker_root": {
                                            "total": 17495.514111500233,