{
    "name": "root",
    "metadata": {
        "timer_format_version": "0.1.0",
        "start_time_seconds": "1634984942",
        "python_version": "3.9.7 (tags/v3.9.7:1016ef3, Aug 30 2021, 20:19:38) [MSC v.1929 64 bit (AMD64)]",
        "command_line_arguments": "D:\\Apps\\python3.9.7\\Scripts\\mlagents-learn .\\Assets\\Config\\car_config.yaml --run-id=new_camera_angle_2",
        "mlagents_version": "0.27.0",
        "mlagents_envs_version": "0.27.0",
        "communication_protocol_version": "1.5.0",
        "pytorch_version": "1.7.1+cu110",
        "numpy_version": "1.21.2",
        "end_time_seconds": "1634985121"
    },
    "total": 178.98070389999998,
    "count": 1,
    "self": 0.025928099999987353,
    "children": {
        "run_training.setup": {
            "total": 0.49652840000000076,
            "count": 1,
            "self": 0.49652840000000076
        },
        "TrainerController.start_learning": {
            "total": 178.4582474,
            "count": 1,
            "self": 0.18713990000074432,
            "children": {
                "TrainerController._reset_env": {
                    "total": 11.425076500000001,
                    "count": 1,
                    "self": 11.425076500000001
                },
                "TrainerController.advance": {
                    "total": 166.42559929999928,
                    "count": 3951,
                    "self": 0.22631420000038815,
                    "children": {
                        "env_step": {
                            "total": 105.2228754999991,
                            "count": 3951,
                            "self": 91.84212229999831,
                            "children": {
                                "SubprocessEnvManager._take_step": {
                                    "total": 13.25194070000012,
                                    "count": 3951,
                                    "self": 0.8729976999997291,
                                    "children": {
                                        "TorchPolicy.evaluate": {
                                            "total": 12.37894300000039,
                                            "count": 7902,
                                            "self": 1.729043300001873,
                                            "children": {
                                                "TorchPolicy.sample_actions": {
                                                    "total": 10.649899699998517,
                                                    "count": 7902,
                                                    "self": 10.649899699998517
                                                }
                                            }
                                        }
                                    }
                                },
                                "workers": {
                                    "total": 0.12881250000068079,
                                    "count": 3950,
                                    "self": 0.0,
                                    "children": {
                                        "worker_root": {
                                            "total": 166.4067755000001,
                                            "count": 3950,
                                            "is_parallel": true,
                                            "self": 84.37497290000033,
                                            "children": {
                                                "steps_from_proto": {
                                                    "total": 0.07248909999999853,
                                                    "count": 2,
                                                    "is_parallel": true,
                                                    "self": 0.0025570999999988686,
                                                    "children": {
                                                        "_process_maybe_compressed_observation": {
                                                            "total": 0.06984309999999994,
                                                            "count": 2,
                                                            "is_parallel": true,
                                                            "self": 5.81999999997862e-05,
                                                            "children": {
                                                                "_observation_to_np_array": {
                                                                    "total": 0.06978490000000015,
                                                                    "count": 1,
                                                                    "is_parallel": true,
                                                                    "self": 4.979999999932261e-05,
                                                                    "children": {
                                                                        "process_pixels": {
                                                                            "total": 0.06973510000000083,
                                                                            "count": 1,
                                                                            "is_parallel": true,
                                                                            "self": 0.0012673999999996965,
                                                                            "children": {
                                                                                "image_decompress": {
                                                                                    "total": 0.06846770000000113,
                                                                                    "count": 1,
                                                                                    "is_parallel": true,
                                                                                    "self": 0.06846770000000113
                                                                                }
                                                                            }
                                                                        }
                                                                    }
                                                                }
                                                            }
                                                        },
                                                        "_process_rank_one_or_two_observation": {
                                                            "total": 8.889999999972531e-05,
                                                            "count": 2,
                                                            "is_parallel": true,
                                                            "self": 8.889999999972531e-05
                                                        }
                                                    }
                                                },
                                                "UnityEnvironment.step": {
                                                    "total": 81.95931349999977,
                                                    "count": 3950,
                                                    "is_parallel": true,
                                                    "self": 0.8733941999991117,
                                                    "children": {
                                                        "UnityEnvironment._generate_step_input": {
                                                            "total": 0.7388080000001302,
                                                            "count": 3950,
                                                            "is_parallel": true,