{
    "name": "root",
    "gauges": {
        "AngleEstimator.Policy.Entropy.mean": {
            "value": -0.9121049642562866,
            "min": -0.9121049642562866,
            "max": 1.0708725452423096,
            "count": 4
        },
        "AngleEstimator.Policy.Entropy.sum": {
            "value": -9121.0498046875,
            "min": -9121.0498046875,
            "max": 10708.7255859375,
            "count": 4
        },
        "AngleEstimator.Environment.EpisodeLength.mean": {
            "value": 0.0,
            "min": 0.0,
            "max": 0.0,
            "count": 4
        },
        "AngleEstimator.Environment.EpisodeLength.sum": {
            "value": 0.0,
            "min": 0.0,
            "max": 0.0,
            "count": 4
        },
        "AngleEstimator.Step.mean": {
            "value": 39999.0,
            "min": 9999.0,
            "max": 39999.0,
            "count": 4
        },
        "AngleEstimator.Step.sum": {
            "value": 39999.0,
            "min": 9999.0,
            "max": 39999.0,
            "count": 4
        },
        "AngleEstimator.Policy.ExtrinsicValueEstimate.mean": {
            "value": 0.9719048142433167,
            "min": 0.7730139493942261,
            "max": 0.9719048142433167,
            "count": 4
        },
        "AngleEstimator.Policy.ExtrinsicValueEstimate.sum": {
            "value": 9719.0478515625,
            "min": 7729.36669921875,
            "max": 9719.0478515625,
            "count": 4
        },
        "AngleEstimator.Environment.CumulativeReward.mean": {
            "value": 0.9730939738333225,
            "min": 0.7882695412120767,
            "max": 0.9730939738333225,
            "count": 4
        },
        "AngleEstimator.Environment.CumulativeReward.sum": {
            "value": 9730.939738333225,
            "min": 7881.9071425795555,
            "max": 9730.939738333225,
            "count": 4
        },
        "AngleEstimator.Policy.ExtrinsicReward.mean": {
            "value": 0.9730939738333225,
            "min": 0.7882695412120767,
            "max": 0.9730939738333225,
            "count": 4
        },
        "AngleEstimator.Policy.ExtrinsicReward.sum": {
            "value": 9730.939738333225,
            "min": 7881.9071425795555,
            "max": 9730.939738333225,
            "count": 4
        },
        "AngleEstimator.Losses.PolicyLoss.mean": {
            "value": 0.24129681039722534,
            "min": 0.23545023513445584,
            "max": 0.24195348512294354,
            "count": 4
        },
        "AngleEstimator.Losses.PolicyLoss.sum": {
            "value": 21.71671293575028,
            "min": 20.95507092696657,
            "max": 21.71671293575028,
            "count": 4
        },
        "AngleEstimator.Losses.ValueLoss.mean": {
            "value": 0.00048619222873238805,
            "min": 0.00048619222873238805,
            "max": 0.03911603364507945,
            "count": 4
        },
        "AngleEstimator.Losses.ValueLoss.sum": {
            "value": 0.04375730058591493,
            "min": 0.04375730058591493,
            "max": 3.481326994412071,
            "count": 4
        },
        "AngleEstimator.Policy.LearningRate.mean": {
            "value": 0.0002790000069999999,
            "min": 0.0002790000069999999,
            "max": 0.00029697600100799996,
            "count": 4
        },
        "AngleEstimator.Policy.LearningRate.sum": {
            "value": 0.025110000629999994,
            "min": 0.025110000629999994,
            "max": 0.026430864089711997,
            "count": 4
        },
        "AngleEstimator.Policy.Epsilon.mean": {
            "value": 0.193,
            "min": 0.193,
            "max": 0.19899200000000003,
            "count": 4
        },
        "AngleEstimator.Policy.Epsilon.sum": {
            "value": 17.37,
            "min": 17.3554272,
            "max": 17.710288000000002,
            "count": 4
        },
        "AngleEstimator.Policy.Beta.mean": {
            "value": 0.00046570000000000004,
            "min": 0.00046570000000000004,
            "max": 0.0004950608,
            "count": 4
        },
        "AngleEstimator.Policy.Beta.sum": {
            "value": 0.041913000000000006,
            "min": 0.041913000000000006,
            "max": 0.0440604112,
            "count": 4
        },
        "AngleEstimator.IsTraining.mean": {
            "value": 1.0,
            "min": 1.0,
            "max": 1.0,
            "count": 4
        },
        "AngleEstimator.IsTraining.sum": {
            "value": 1.0,
            "min": 1.0,
            "max": 1.0,
            "count": 4
        }
    },
    "metadata": {
        "timer_format_version": "0.1.0",
        "start_time_seconds": "1634755999",
        "python_version": "3.9.7 (tags/v3.9.7:1016ef3, Aug 30 2021, 20:19:38) [MSC v.1929 64 bit (AMD64)]",
        "command_line_arguments": "D:\\Apps\\python3.9.7\\Scripts\\mlagents-learn .\\Assets\\Config\\car_config.yaml --run-id=carAndAngle9",
        "mlagents_version": "0.27.0",
        "mlagents_envs_version": "0.27.0",
        "communication_protocol_version": "1.5.0",
        "pytorch_version": "1.7.1+cu110",
        "numpy_version": "1.21.2",
        "end_time_seconds": "1634756214"
    },
    "total": 215.1987794,
    "count": 1,
    "self": 0.013137699999987262,
    "children": {
        "run_training.setup": {
            "total": 0.17812210000000017,
            "count": 1,
            "self": 0.17812210000000017
        },
        "TrainerController.start_learning": {
            "total": 215.00751960000002,
            "count": 1,
            "self": 0.12094110000046498,
            "children": {
                "TrainerController._reset_env": {
                    "total": 3.1423647,
                    "count": 1,
                    "self": 3.1423647
                },
                "TrainerController.advance": {
                    "total": 211.57052079999957,
                    "count": 3051,
                    "self": 0.09246400000077415,
                    "children": {
                        "env_step": {
                            "total": 55.71979309999883,
                            "count": 3051,
                            "self": 52.35485799999891,
                            "children": {
                                "SubprocessEnvManager._take_step": {
                                    "total": 3.305918599999666,
                                    "count": 3051,
                                    "self": 0.29964069999998966,
                                    "children": {
                                        "TorchPolicy.evaluate": {
                                            "total": 3.0062778999996764,
                                            "count": 3051,
                                            "self": 0.5326750000003297,
                                            "children": {
                                                "TorchPolicy.sample_actions": {
                                                    "total": 2.4736028999993467,
                                                    "count": 3051,
                                                    "self": 2.4736028999993467
                                                }
                                            }
                                        }
                                    }
                                },
                                "workers": {
                                    "total": 0.059016500000250716,
                                    "count": 3050,
                                    "self": 0.0,
                                    "children": {
                                        "worker_root": {
                                            "total": 211.44755649999965,
                                            "count": 3050,
                                            "is_parallel": true,