{
    "name": "root",
    "gauges": {
        "VisualFindAngle.Policy.Entropy.mean": {
            "value": 0.996255099773407,
            "min": 0.996255099773407,
            "max": 1.4096238613128662,
            "count": 10
        },
        "VisualFindAngle.Policy.Entropy.sum": {
            "value": 19925.1015625,
            "min": 19925.1015625,
            "max": 27561.740234375,
            "count": 10
        },
        "VisualFindAngle.Step.mean": {
            "value": 199992.0,
            "min": 19992.0,
            "max": 199992.0,
            "count": 10
        },
        "VisualFindAngle.Step.sum": {
            "value": 199992.0,
            "min": 19992.0,
            "max": 199992.0,
            "count": 10
        },
        "VisualFindAngle.Policy.ExtrinsicValueEstimate.mean": {
            "value": 10.403411865234375,
            "min": 0.9209955334663391,
            "max": 10.403411865234375,
            "count": 10
        },
        "VisualFindAngle.Policy.ExtrinsicValueEstimate.sum": {
            "value": 3287.47802734375,
            "min": 279.9826354980469,
            "max": 3287.47802734375,
            "count": 10
        },
        "VisualFindAngle.Losses.PolicyLoss.mean": {
            "value": 0.04358612591223347,
            "min": 0.04358612591223347,
            "max": 0.05172082998760743,
            "count": 10
        },
        "VisualFindAngle.Losses.PolicyLoss.sum": {
            "value": 0.3051028813856343,
            "min": 0.3051028813856343,
            "max": 0.41376663990085943,
            "count": 10
        },
        "VisualFindAngle.Losses.ValueLoss.mean": {
            "value": 2.850302034900302,
            "min": 0.1302533428938616,
            "max": 2.850302034900302,
            "count": 10
        },
        "VisualFindAngle.Losses.ValueLoss.sum": {
            "value": 19.952114244302113,
            "min": 0.9117734002570311,
            "max": 19.952114244302113,
            "count": 10
        },
        "VisualFindAngle.Policy.LearningRate.mean": {
            "value": 0.0002857374047542,
            "min": 0.0002857374047542,
            "max": 0.00029916720027759993,
            "count": 10
        },
        "VisualFindAngle.Policy.LearningRate.sum": {
            "value": 0.0020001618332793998,
            "min": 0.0020001618332793998,
            "max": 0.0023816568061143994,
            "count": 10
        },
        "VisualFindAngle.Policy.Epsilon.mean": {
            "value": 0.1952458,
            "min": 0.1952458,
            "max": 0.1997224,
            "count": 10
        },
        "VisualFindAngle.Policy.Epsilon.sum": {
            "value": 1.3667206,
            "min": 1.3667206,
            "max": 1.5938856000000001,
            "count": 10
        },
        "VisualFindAngle.Policy.Beta.mean": {
            "value": 0.00476276542,
            "min": 0.00476276542,
            "max": 0.004986147759999999,
            "count": 10
        },
        "VisualFindAngle.Policy.Beta.sum": {
            "value": 0.033339357939999995,
            "min": 0.033339357939999995,
            "max": 0.039694891440000005,
            "count": 10
        },
        "VisualFindAngle.Environment.EpisodeLength.mean": {
            "value": 4999.0,
            "min": 4999.0,
            "max": 4999.0,
            "count": 10
        },
        "VisualFindAngle.Environment.EpisodeLength.sum": {
            "value": 19996.0,
            "min": 14997.0,
            "max": 19996.0,
            "count": 10
        },
        "VisualFindAngle.Environment.CumulativeReward.mean": {
            "value": 531.1698062811047,
            "min": 136.5297422331285,
            "max": 531.1698062811047,
            "count": 10
        },
        "VisualFindAngle.Environment.CumulativeReward.sum": {
            "value": 2124.6792251244187,
            "min": 409.5892266993855,
            "max": 2124.6792251244187,
            "count": 10
        },
        "VisualFindAngle.Policy.ExtrinsicReward.mean": {
            "value": 531.1698062811047,
            "min": 136.5297422331285,
            "max": 531.1698062811047,
            "count": 10
        },
        "VisualFindAngle.Policy.ExtrinsicReward.sum": {
            "value": 2124.6792251244187,
            "min": 409.5892266993855,
            "max": 2124.6792251244187,
            "count": 10
        },
        "VisualFindAngle.IsTraining.mean": {
            "value": 1.0,
            "min": 1.0,
            "max": 1.0,
            "count": 10
        },
        "VisualFindAngle.IsTraining.sum": {
            "value": 1.0,
            "min": 1.0,
            "max": 1.0,
            "count": 10
        }
    },
    "metadata": {
        "timer_format_version": "0.1.0",
        "start_time_seconds": "1636378992",
        "python_version": "3.9.7 (tags/v3.9.7:1016ef3, Aug 30 2021, 20:19:38) [MSC v.1929 64 bit (AMD64)]",
        "command_line_arguments": "D:\\Apps\\python3.9.7\\Scripts\\mlagents-learn .\\Assets\\Config\\config.yaml --run-id=VisualFindAngleYRotator168 --resume",
        "mlagents_version": "0.27.0",
        "mlagents_envs_version": "0.27.0",
        "communication_protocol_version": "1.5.0",
        "pytorch_version": "1.7.1+cu110",
        "numpy_version": "1.21.2",
        "end_time_seconds": "1636387706"
    },
    "total": 8713.6307863,
    "count": 1,
    "self": 0.015880100001595565,
    "children": {
        "run_training.setup": {
            "total": 0.2661772,
            "count": 1,
            "self": 0.2661772
        },
        "TrainerController.start_learning": {
            "total": 8713.348729,
            "count": 1,
            "self": 6.743492400053583,
            "children": {
                "TrainerController._reset_env": {
                    "total": 10.9976764,
                    "count": 1,
                    "self": 10.9976764
                },
                "TrainerController.advance": {
                    "total": 8695.079075399944,
                    "count": 214984,
                    "self": 5.456576999982644,
                    "children": {
                        "env_step": {
                            "total": 5616.411693099771,
                            "count": 214984,
                            "self": 4809.548820799871,
                            "children": {
                                "SubprocessEnvManager._take_step": {
                                    "total": 801.1985367000148,
                                    "count": 214984,
                                    "self": 22.446064300087073,
                                    "children": {
                                        "TorchPolicy.evaluate": {
                                            "total": 778.7524723999277,
                                            "count": 214984,
                                            "self": 52.924407599945425,
                                            "children": {
                                                "TorchPolicy.sample_actions": {
                                                    "total": 725.8280647999823,
                                                    "count": 214984,
                                                    "self": 725.8280647999823
                                                }
                                            }
                                        }
                                    }
                                },
                                "workers": {
                                    "total": 5.664335599885355,
                                    "count": 214983,
                                    "self": 0.0,
                                    "children": {
                                        "worker_root": {
                                            "total": 8688.057296499765,
                                            "count": 214983,