{
    "name": "root",
    "gauges": {
        "VisualFindAngle.Policy.Entropy.mean": {
            "value": 0.136757493019104,
            "min": 0.136757493019104,
            "max": 1.4192333221435547,
            "count": 21
        },
        "VisualFindAngle.Policy.Entropy.sum": {
            "value": 2735.14990234375,
            "min": 2735.14990234375,
            "max": 28384.666015625,
            "count": 21
        },
        "VisualFindAngle.Step.mean": {
            "value": 419992.0,
            "min": 19992.0,
            "max": 419992.0,
            "count": 21
        },
        "VisualFindAngle.Step.sum": {
            "value": 419992.0,
            "min": 19992.0,
            "max": 419992.0,
            "count": 21
        },
        "VisualFindAngle.Policy.ExtrinsicValueEstimate.mean": {
            "value": 18.702068328857422,
            "min": 0.9168052077293396,
            "max": 18.702068328857422,
            "count": 21
        },
        "VisualFindAngle.Policy.ExtrinsicValueEstimate.sum": {
            "value": 5909.853515625,
            "min": 288.79364013671875,
            "max": 5909.853515625,
            "count": 21
        },
        "VisualFindAngle.Losses.PolicyLoss.mean": {
            "value": 0.04757384663846876,
            "min": 0.044237287134941045,
            "max": 0.05335261878208257,
            "count": 21
        },
        "VisualFindAngle.Losses.PolicyLoss.sum": {
            "value": 0.3330169264692813,
            "min": 0.31337159646985435,
            "max": 0.42682095025666056,
            "count": 21
        },
        "VisualFindAngle.Losses.ValueLoss.mean": {
            "value": 0.5051169858092354,
            "min": 0.17902004945845826,
            "max": 0.5051169858092354,
            "count": 21
        },
        "VisualFindAngle.Losses.ValueLoss.sum": {
            "value": 3.535818900664647,
            "min": 1.253140346209208,
            "max": 3.979547756910324,
            "count": 21
        },
        "VisualFindAngle.Policy.LearningRate.mean": {
            "value": 0.00026924821025059995,
            "min": 0.00026924821025059995,
            "max": 0.00029922000026,
            "count": 21
        },
        "VisualFindAngle.Policy.LearningRate.sum": {
            "value": 0.0018847374717541998,
            "min": 0.0018847374717541998,
            "max": 0.0023820792059735998,
            "count": 21
        },
        "VisualFindAngle.Policy.Epsilon.mean": {
            "value": 0.18974939999999998,
            "min": 0.18974939999999998,
            "max": 0.19974,
            "count": 21
        },
        "VisualFindAngle.Policy.Epsilon.sum": {
            "value": 1.3282458,
            "min": 1.3282458,
            "max": 1.5940264000000002,
            "count": 21
        },
        "VisualFindAngle.Policy.Beta.mean": {
            "value": 0.00448849506,
            "min": 0.00448849506,
            "max": 0.004987026,
            "count": 21
        },
        "VisualFindAngle.Policy.Beta.sum": {
            "value": 0.03141946542,
            "min": 0.03141946542,
            "max": 0.03970191736,
            "count": 21
        },
        "VisualFindAngle.Environment.EpisodeLength.mean": {
            "value": 4999.0,
            "min": 4999.0,
            "max": 4999.0,
            "count": 21
        },
        "VisualFindAngle.Environment.EpisodeLength.sum": {
            "value": 19996.0,
            "min": 19996.0,
            "max": 19996.0,
            "count": 21
        },
        "VisualFindAngle.Environment.CumulativeReward.mean": {
            "value": 959.4329147934914,
            "min": 163.96196736954153,
            "max": 959.4329147934914,
            "count": 21
        },
        "VisualFindAngle.Environment.CumulativeReward.sum": {
            "value": 3837.7316591739655,
            "min": 491.8859021086246,
            "max": 3837.7316591739655,
            "count": 21
        },
        "VisualFindAngle.Policy.ExtrinsicReward.mean": {
            "value": 959.4329147934914,
            "min": 163.96196736954153,
            "max": 959.4329147934914,
            "count": 21
        },
        "VisualFindAngle.Policy.ExtrinsicReward.sum": {
            "value": 3837.7316591739655,
            "min": 491.8859021086246,
            "max": 3837.7316591739655,
            "count": 21
        },
        "VisualFindAngle.IsTraining.mean": {
            "value": 1.0,
            "min": 1.0,
            "max": 1.0,
            "count": 21
        },
        "VisualFindAngle.IsTraining.sum": {
            "value": 1.0,
            "min": 1.0,
            "max": 1.0,
            "count": 21
        }
    },
    "metadata": {
        "timer_format_version": "0.1.0",
        "start_time_seconds": "1635458458",
        "python_version": "3.9.7 (tags/v3.9.7:1016ef3, Aug 30 2021, 20:19:38) [MSC v.1929 64 bit (AMD64)]",
        "command_line_arguments": "D:\\Apps\\python3.9.7\\Scripts\\mlagents-learn .\\Assets\\Config\\config.yaml --run-id=VisualFindAngle",
        "mlagents_version": "0.27.0",
        "mlagents_envs_version": "0.27.0",
        "communication_protocol_version": "1.5.0",
        "pytorch_version": "1.7.1+cu110",
        "numpy_version": "1.21.2",
        "end_time_seconds": "1635468364"
    },
    "total": 9906.5573812,
    "count": 1,
    "self": 0.013759100000243052,
    "children": {
        "run_training.setup": {
            "total": 0.31318680000000043,
            "count": 1,
            "self": 0.31318680000000043
        },
        "TrainerController.start_learning": {
            "total": 9906.2304353,
            "count": 1,
            "self": 12.292706100073701,
            "children": {
                "TrainerController._reset_env": {
                    "total": 10.0549117,
                    "count": 1,
                    "self": 10.0549117
                },
                "TrainerController.advance": {
                    "total": 9883.550070599927,
                    "count": 428917,
                    "self": 10.766813299629575,
                    "children": {
                        "env_step": {
                            "total": 8304.364532899923,
                            "count": 428917,
                            "self": 7381.190158900226,
                            "children": {
                                "SubprocessEnvManager._take_step": {
                                    "total": 912.6694642000015,
                                    "count": 428917,
                                    "self": 43.21842230024413,
                                    "children": {
                                        "TorchPolicy.evaluate": {
                                            "total": 869.4510418997573,
                                            "count": 428917,
                                            "self": 98.81258439938836,
                                            "children": {
                                                "TorchPolicy.sample_actions": {
                                                    "total": 770.638457500369,
                                                    "count": 428917,
                                                    "self": 770.638457500369
                                                }
                                            }
                                        }
                                    }
                                },
                                "workers": {
                                    "total": 10.504909799694623,
                                    "count": 428916,
                                    "self": 0.0,
                                    "children": {
                                        "worker_root": {
                                            "total": 9872.655381499753,
                                            "count": 428916,